{
  "0": 0.646983,
  "1": 2.200875
}